"","index","category","stim","path"
"1",0,"faces","aatik-tasneem-7omHUGhhmZ0-unsplash.jpg","Stimuli/Experimental_stims/localizer/faces/aatik-tasneem-7omHUGhhmZ0-unsplash.jpg"
"2",1,"faces","abstral-official-cyOKLSgkgCE-unsplash.jpg","Stimuli/Experimental_stims/localizer/faces/abstral-official-cyOKLSgkgCE-unsplash.jpg"
"3",2,"faces","aiony-haust-K0DxxljcRv0-unsplash.jpg","Stimuli/Experimental_stims/localizer/faces/aiony-haust-K0DxxljcRv0-unsplash.jpg"
"4",3,"faces","aleksandar-popovski-Jy4ELSGPHTc-unsplash.jpg","Stimuli/Experimental_stims/localizer/faces/aleksandar-popovski-Jy4ELSGPHTc-unsplash.jpg"
"5",4,"faces","alexis-chloe-TYDkKEgc0Fg-unsplash.jpg","Stimuli/Experimental_stims/localizer/faces/alexis-chloe-TYDkKEgc0Fg-unsplash.jpg"
"6",5,"faces","allef-vinicius-C_1jjFJioWg-unsplash.jpg","Stimuli/Experimental_stims/localizer/faces/allef-vinicius-C_1jjFJioWg-unsplash.jpg"
"7",6,"faces","art-hauntington-jzY0KRJopEI-unsplash.jpg","Stimuli/Experimental_stims/localizer/faces/art-hauntington-jzY0KRJopEI-unsplash.jpg"
"8",7,"faces","austin-wade-X6Uj51n5CE8-unsplash.jpg","Stimuli/Experimental_stims/localizer/faces/austin-wade-X6Uj51n5CE8-unsplash.jpg"
"9",8,"faces","ayo-ogunseinde-6W4F62sN_yI-unsplash.jpg","Stimuli/Experimental_stims/localizer/faces/ayo-ogunseinde-6W4F62sN_yI-unsplash.jpg"
"10",9,"faces","ayo-ogunseinde-sibVwORYqs0-unsplash.jpg","Stimuli/Experimental_stims/localizer/faces/ayo-ogunseinde-sibVwORYqs0-unsplash.jpg"
"11",10,"faces","ben-scott-tWb7IsL9CnY-unsplash.jpg","Stimuli/Experimental_stims/localizer/faces/ben-scott-tWb7IsL9CnY-unsplash.jpg"
"12",11,"faces","binh-ly-k_4A59MzZTY-unsplash.jpg","Stimuli/Experimental_stims/localizer/faces/binh-ly-k_4A59MzZTY-unsplash.jpg"
"13",12,"faces","brooke-cagle-Nm70URdtf3c-unsplash (1).jpg","Stimuli/Experimental_stims/localizer/faces/brooke-cagle-Nm70URdtf3c-unsplash (1).jpg"
"14",13,"faces","carlos-vaz-KP4bxnxAilU-unsplash.jpg","Stimuli/Experimental_stims/localizer/faces/carlos-vaz-KP4bxnxAilU-unsplash.jpg"
"15",14,"faces","cdc-ddKBuWekZr0-unsplash.jpg","Stimuli/Experimental_stims/localizer/faces/cdc-ddKBuWekZr0-unsplash.jpg"
"16",15,"faces","chanvre-quebec-mXu1SpzHq6w-unsplash.jpg","Stimuli/Experimental_stims/localizer/faces/chanvre-quebec-mXu1SpzHq6w-unsplash.jpg"
"17",16,"faces","christian-buehner-DItYlc26zVI-unsplash.jpg","Stimuli/Experimental_stims/localizer/faces/christian-buehner-DItYlc26zVI-unsplash.jpg"
"18",17,"faces","christian-ferrer-8vT-DgHZDG4-unsplash.jpg","Stimuli/Experimental_stims/localizer/faces/christian-ferrer-8vT-DgHZDG4-unsplash.jpg"
"19",18,"faces","christina-wocintechchat-com-0Zx1bDv5BNY-unsplash.jpg","Stimuli/Experimental_stims/localizer/faces/christina-wocintechchat-com-0Zx1bDv5BNY-unsplash.jpg"
"20",19,"faces","christopher-campbell-rDEOVtE7vOs-unsplash.jpg","Stimuli/Experimental_stims/localizer/faces/christopher-campbell-rDEOVtE7vOs-unsplash.jpg"
"21",20,"faces","darshan-patel-QJEVpydulGs-unsplash.jpg","Stimuli/Experimental_stims/localizer/faces/darshan-patel-QJEVpydulGs-unsplash.jpg"
"22",21,"faces","drew-hays-agGIKYs4mYs-unsplash.jpg","Stimuli/Experimental_stims/localizer/faces/drew-hays-agGIKYs4mYs-unsplash.jpg"
"23",22,"faces","elijah-hiett-umfpFoKxIVg-unsplash.jpg","Stimuli/Experimental_stims/localizer/faces/elijah-hiett-umfpFoKxIVg-unsplash.jpg"
"24",23,"faces","ethan-haddox-__ng3cRXmFE-unsplash.jpg","Stimuli/Experimental_stims/localizer/faces/ethan-haddox-__ng3cRXmFE-unsplash.jpg"
"25",24,"faces","etty-fidele-nF8eo2nX374-unsplash.jpg","Stimuli/Experimental_stims/localizer/faces/etty-fidele-nF8eo2nX374-unsplash.jpg"
"26",25,"faces","filipe-almeida-mnEWC72eWDM-unsplash.jpg","Stimuli/Experimental_stims/localizer/faces/filipe-almeida-mnEWC72eWDM-unsplash.jpg"
"27",26,"faces","foto-sushi-6anudmpILw4-unsplash.jpg","Stimuli/Experimental_stims/localizer/faces/foto-sushi-6anudmpILw4-unsplash.jpg"
"28",27,"faces","gabriel-silverio-u3WmDyKGsrY-unsplash.jpg","Stimuli/Experimental_stims/localizer/faces/gabriel-silverio-u3WmDyKGsrY-unsplash.jpg"
"29",28,"faces","hassan-khan-EGVccebWodM-unsplash.jpg","Stimuli/Experimental_stims/localizer/faces/hassan-khan-EGVccebWodM-unsplash.jpg"
"30",29,"faces","hisu-lee-2qvxIr_DXGo-unsplash.jpg","Stimuli/Experimental_stims/localizer/faces/hisu-lee-2qvxIr_DXGo-unsplash.jpg"
"31",30,"faces","ian-dooley-d1UPkiFd04A-unsplash.jpg","Stimuli/Experimental_stims/localizer/faces/ian-dooley-d1UPkiFd04A-unsplash.jpg"
"32",31,"faces","icons8-team-6LZuSzSwso0-unsplash.jpg","Stimuli/Experimental_stims/localizer/faces/icons8-team-6LZuSzSwso0-unsplash.jpg"
"33",32,"faces","ihor-saveliev-3POm-bxWIN8-unsplash.jpg","Stimuli/Experimental_stims/localizer/faces/ihor-saveliev-3POm-bxWIN8-unsplash.jpg"
"34",33,"faces","imansyah-muhamad-putera-n4KewLKFOZw-unsplash.jpg","Stimuli/Experimental_stims/localizer/faces/imansyah-muhamad-putera-n4KewLKFOZw-unsplash.jpg"
"35",34,"faces","ivan-dodig-R21SyyJDFgc-unsplash.jpg","Stimuli/Experimental_stims/localizer/faces/ivan-dodig-R21SyyJDFgc-unsplash.jpg"
"36",35,"faces","ivana-cajina-_7LbC5J-jw4-unsplash.jpg","Stimuli/Experimental_stims/localizer/faces/ivana-cajina-_7LbC5J-jw4-unsplash.jpg"
"37",36,"faces","jake-nackos-IF9TK5Uy-KI-unsplash.jpg","Stimuli/Experimental_stims/localizer/faces/jake-nackos-IF9TK5Uy-KI-unsplash.jpg"
"38",37,"faces","jakob-owens-lkMJcGDZLVs-unsplash.jpg","Stimuli/Experimental_stims/localizer/faces/jakob-owens-lkMJcGDZLVs-unsplash.jpg"
"39",38,"faces","james-marty-h1BuNJZzpC8-unsplash.jpg","Stimuli/Experimental_stims/localizer/faces/james-marty-h1BuNJZzpC8-unsplash.jpg"
"40",39,"faces","janaya-dasiuk-_A2LZdUqHgA-unsplash.jpg","Stimuli/Experimental_stims/localizer/faces/janaya-dasiuk-_A2LZdUqHgA-unsplash.jpg"
"41",40,"faces","jeffery-erhunse-BQMZ5ligqps-unsplash.jpg","Stimuli/Experimental_stims/localizer/faces/jeffery-erhunse-BQMZ5ligqps-unsplash.jpg"
"42",41,"faces","jeffery-erhunse-vp9mRauo68c-unsplash.jpg","Stimuli/Experimental_stims/localizer/faces/jeffery-erhunse-vp9mRauo68c-unsplash.jpg"
"43",42,"faces","jimmy-fermin-bqe0J0b26RQ-unsplash.jpg","Stimuli/Experimental_stims/localizer/faces/jimmy-fermin-bqe0J0b26RQ-unsplash.jpg"
"44",43,"faces","joseph-gonzalez-iFgRcqHznqg-unsplash.jpg","Stimuli/Experimental_stims/localizer/faces/joseph-gonzalez-iFgRcqHznqg-unsplash.jpg"
"45",44,"faces","juan-encalada-WC7KIHo13Fc-unsplash.jpg","Stimuli/Experimental_stims/localizer/faces/juan-encalada-WC7KIHo13Fc-unsplash.jpg"
"46",45,"faces","jurica-koletic-7YVZYZeITc8-unsplash.jpg","Stimuli/Experimental_stims/localizer/faces/jurica-koletic-7YVZYZeITc8-unsplash.jpg"
"47",46,"faces","katsiaryna-endruszkiewicz-BteCp6aq4GI-unsplash.jpg","Stimuli/Experimental_stims/localizer/faces/katsiaryna-endruszkiewicz-BteCp6aq4GI-unsplash.jpg"
"48",47,"faces","linkedin-sales-solutions-pAtA8xe_iVM-unsplash.jpg","Stimuli/Experimental_stims/localizer/faces/linkedin-sales-solutions-pAtA8xe_iVM-unsplash.jpg"
"49",48,"faces","matheus-ferrero-W7b3eDUb_2I-unsplash.jpg","Stimuli/Experimental_stims/localizer/faces/matheus-ferrero-W7b3eDUb_2I-unsplash.jpg"
"50",49,"faces","mathias-huysmans-U4JDjYmjn1g-unsplash.jpg","Stimuli/Experimental_stims/localizer/faces/mathias-huysmans-U4JDjYmjn1g-unsplash.jpg"
"51",50,"faces","midas-hofstra-tidSLv-UaNs-unsplash.jpg","Stimuli/Experimental_stims/localizer/faces/midas-hofstra-tidSLv-UaNs-unsplash.jpg"
"52",51,"faces","mubariz-mehdizadeh-o-wlIFT4zE4-unsplash.jpg","Stimuli/Experimental_stims/localizer/faces/mubariz-mehdizadeh-o-wlIFT4zE4-unsplash.jpg"
"53",52,"faces","mubariz-mehdizadeh-Py8F6-hRn5o-unsplash.jpg","Stimuli/Experimental_stims/localizer/faces/mubariz-mehdizadeh-Py8F6-hRn5o-unsplash.jpg"
"54",53,"faces","nick-karvounis-JyO_szjGvUw-unsplash.jpg","Stimuli/Experimental_stims/localizer/faces/nick-karvounis-JyO_szjGvUw-unsplash.jpg"
"55",54,"faces","olena-sergienko-0TSd6uCKTKc-unsplash.jpg","Stimuli/Experimental_stims/localizer/faces/olena-sergienko-0TSd6uCKTKc-unsplash.jpg"
"56",55,"faces","pavel-anoshin-d0peGya6R5Y-unsplash.jpg","Stimuli/Experimental_stims/localizer/faces/pavel-anoshin-d0peGya6R5Y-unsplash.jpg"
"57",56,"faces","philip-martin-5aGUyCW_PJw-unsplash.jpg","Stimuli/Experimental_stims/localizer/faces/philip-martin-5aGUyCW_PJw-unsplash.jpg"
"58",57,"faces","prince-akachi-LWkFHEGpleE-unsplash.jpg","Stimuli/Experimental_stims/localizer/faces/prince-akachi-LWkFHEGpleE-unsplash.jpg"
"59",58,"faces","rafaella-mendes-diniz-et_78QkMMQs-unsplash.jpg","Stimuli/Experimental_stims/localizer/faces/rafaella-mendes-diniz-et_78QkMMQs-unsplash.jpg"
"60",59,"faces","rui-silvestre-hAMJpesMeDE-unsplash.jpg","Stimuli/Experimental_stims/localizer/faces/rui-silvestre-hAMJpesMeDE-unsplash.jpg"
"61",60,"faces","samuel-dixon--fQ5XNOcqFQ-unsplash.jpg","Stimuli/Experimental_stims/localizer/faces/samuel-dixon--fQ5XNOcqFQ-unsplash.jpg"
"62",61,"faces","sean-kong--1B_y4wGs-s-unsplash.jpg","Stimuli/Experimental_stims/localizer/faces/sean-kong--1B_y4wGs-s-unsplash.jpg"
"63",62,"faces","stephanie-nakagawa-ADSKIn0ScDg-unsplash.jpg","Stimuli/Experimental_stims/localizer/faces/stephanie-nakagawa-ADSKIn0ScDg-unsplash.jpg"
"64",63,"faces","toa-heftiba-2O1EUSTRBrY-unsplash.jpg","Stimuli/Experimental_stims/localizer/faces/toa-heftiba-2O1EUSTRBrY-unsplash.jpg"
"65",64,"faces","toa-heftiba-O3ymvT7Wf9U-unsplash.jpg","Stimuli/Experimental_stims/localizer/faces/toa-heftiba-O3ymvT7Wf9U-unsplash.jpg"
"66",65,"faces","tyler-nix-ZGa9d1a_4tA-unsplash.jpg","Stimuli/Experimental_stims/localizer/faces/tyler-nix-ZGa9d1a_4tA-unsplash.jpg"
"67",66,"faces","vince-fleming-j3lf-Jn6deo-unsplash.jpg","Stimuli/Experimental_stims/localizer/faces/vince-fleming-j3lf-Jn6deo-unsplash.jpg"
"68",67,"faces","whereslugo-zl_fPgiwduo-unsplash.jpg","Stimuli/Experimental_stims/localizer/faces/whereslugo-zl_fPgiwduo-unsplash.jpg"
"69",68,"body_parts","adrien-king-XzBluXxBoyQ-unsplash.jpg","Stimuli/Experimental_stims/localizer/body_parts/adrien-king-XzBluXxBoyQ-unsplash.jpg"
"70",69,"body_parts","anelya-okapova-V69kmOyZ3SU-unsplash.jpg","Stimuli/Experimental_stims/localizer/body_parts/anelya-okapova-V69kmOyZ3SU-unsplash.jpg"
"71",70,"body_parts","ant-rozetsky-bXQd8JXx0vs-unsplash.jpg","Stimuli/Experimental_stims/localizer/body_parts/ant-rozetsky-bXQd8JXx0vs-unsplash.jpg"
"72",71,"body_parts","apostolos-vamvouras-g5wKHRu2QW0-unsplash.jpg","Stimuli/Experimental_stims/localizer/body_parts/apostolos-vamvouras-g5wKHRu2QW0-unsplash.jpg"
"73",72,"body_parts","bady-abbas-N-VEeMnm7gE-unsplash.jpg","Stimuli/Experimental_stims/localizer/body_parts/bady-abbas-N-VEeMnm7gE-unsplash.jpg"
"74",73,"body_parts","bady-abbas-pIySu25o0bM-unsplash.jpg","Stimuli/Experimental_stims/localizer/body_parts/bady-abbas-pIySu25o0bM-unsplash.jpg"
"75",74,"body_parts","ben-hartley-RbrsejLGVZ8-unsplash.jpg","Stimuli/Experimental_stims/localizer/body_parts/ben-hartley-RbrsejLGVZ8-unsplash.jpg"
"76",75,"body_parts","betzy-arosemena-YHdgnygtVCQ-unsplash.jpg","Stimuli/Experimental_stims/localizer/body_parts/betzy-arosemena-YHdgnygtVCQ-unsplash.jpg"
"77",76,"body_parts","billie-5OXE3KjDEfI-unsplash.jpg","Stimuli/Experimental_stims/localizer/body_parts/billie-5OXE3KjDEfI-unsplash.jpg"
"78",77,"body_parts","boyd-christiansen-uVj7kewrZ-o-unsplash.jpg","Stimuli/Experimental_stims/localizer/body_parts/boyd-christiansen-uVj7kewrZ-o-unsplash.jpg"
"79",78,"body_parts","callum-skelton-3KLMq7y46nA-unsplash.jpg","Stimuli/Experimental_stims/localizer/body_parts/callum-skelton-3KLMq7y46nA-unsplash.jpg"
"80",79,"body_parts","carlos-henrique-NAOJKwZswbs-unsplash.jpg","Stimuli/Experimental_stims/localizer/body_parts/carlos-henrique-NAOJKwZswbs-unsplash.jpg"
"81",80,"body_parts","charles-etoroma-1fo0biloDOc-unsplash.jpg","Stimuli/Experimental_stims/localizer/body_parts/charles-etoroma-1fo0biloDOc-unsplash.jpg"
"82",81,"body_parts","danie-franco-jyyNiSEcCl4-unsplash.jpg","Stimuli/Experimental_stims/localizer/body_parts/danie-franco-jyyNiSEcCl4-unsplash.jpg"
"83",82,"body_parts","david-fanuel-qnV8X7OViNY-unsplash.jpg","Stimuli/Experimental_stims/localizer/body_parts/david-fanuel-qnV8X7OViNY-unsplash.jpg"
"84",83,"body_parts","davidcohen-qghuLqyh3nE-unsplash.jpg","Stimuli/Experimental_stims/localizer/body_parts/davidcohen-qghuLqyh3nE-unsplash.jpg"
"85",84,"body_parts","debby-hudson--B_757qSA4k-unsplash.jpg","Stimuli/Experimental_stims/localizer/body_parts/debby-hudson--B_757qSA4k-unsplash.jpg"
"86",85,"body_parts","deborah-diem-ieVxpPjl1e0-unsplash.jpg","Stimuli/Experimental_stims/localizer/body_parts/deborah-diem-ieVxpPjl1e0-unsplash.jpg"
"87",86,"body_parts","diana-polekhina-SwWjCbIIoFE-unsplash.jpg","Stimuli/Experimental_stims/localizer/body_parts/diana-polekhina-SwWjCbIIoFE-unsplash.jpg"
"88",87,"body_parts","femme-spirit-RGYBDUHYbyM-unsplash.jpg","Stimuli/Experimental_stims/localizer/body_parts/femme-spirit-RGYBDUHYbyM-unsplash.jpg"
"89",88,"body_parts","freestocks-qw9LFf5T790-unsplash.jpg","Stimuli/Experimental_stims/localizer/body_parts/freestocks-qw9LFf5T790-unsplash.jpg"
"90",89,"body_parts","helen-ast-l2iY5Sh0mTg-unsplash.jpg","Stimuli/Experimental_stims/localizer/body_parts/helen-ast-l2iY5Sh0mTg-unsplash.jpg"
"91",90,"body_parts","hu-chen-tCbTGNwrFNM-unsplash.jpg","Stimuli/Experimental_stims/localizer/body_parts/hu-chen-tCbTGNwrFNM-unsplash.jpg"
"92",91,"body_parts","i-am_nah--S4OsO0c6Ts-unsplash.jpg","Stimuli/Experimental_stims/localizer/body_parts/i-am_nah--S4OsO0c6Ts-unsplash.jpg"
"93",92,"body_parts","ignacio-campo-tC9boyqy_40-unsplash.jpg","Stimuli/Experimental_stims/localizer/body_parts/ignacio-campo-tC9boyqy_40-unsplash.jpg"
"94",93,"body_parts","igordoon-primus-CdyHqfrbGIs-unsplash.jpg","Stimuli/Experimental_stims/localizer/body_parts/igordoon-primus-CdyHqfrbGIs-unsplash.jpg"
"95",94,"body_parts","jan-romero-DL4DDQb8yjc-unsplash.jpg","Stimuli/Experimental_stims/localizer/body_parts/jan-romero-DL4DDQb8yjc-unsplash.jpg"
"96",95,"body_parts","jasper-garratt-Ng_Kl7K6V8Y-unsplash.jpg","Stimuli/Experimental_stims/localizer/body_parts/jasper-garratt-Ng_Kl7K6V8Y-unsplash.jpg"
"97",96,"body_parts","jeremy-bishop-mLd3hAaH2ns-unsplash.jpg","Stimuli/Experimental_stims/localizer/body_parts/jeremy-bishop-mLd3hAaH2ns-unsplash.jpg"
"98",97,"body_parts","jeremy-yap-TfJEi17kA0w-unsplash.jpg","Stimuli/Experimental_stims/localizer/body_parts/jeremy-yap-TfJEi17kA0w-unsplash.jpg"
"99",98,"body_parts","jonathan-borba-hTwH8QFkPMs-unsplash.jpg","Stimuli/Experimental_stims/localizer/body_parts/jonathan-borba-hTwH8QFkPMs-unsplash.jpg"
"100",99,"body_parts","juja-han-Z8-6EI2tYtw-unsplash.jpg","Stimuli/Experimental_stims/localizer/body_parts/juja-han-Z8-6EI2tYtw-unsplash.jpg"
"101",100,"body_parts","kai-wenzel-zYDJOxjaZrQ-unsplash.jpg","Stimuli/Experimental_stims/localizer/body_parts/kai-wenzel-zYDJOxjaZrQ-unsplash.jpg"
"102",101,"body_parts","lilartsy-1KkhQ8uL28g-unsplash.jpg","Stimuli/Experimental_stims/localizer/body_parts/lilartsy-1KkhQ8uL28g-unsplash.jpg"
"103",102,"body_parts","liv-bruce-M0oVPGsWk1E-unsplash.jpg","Stimuli/Experimental_stims/localizer/body_parts/liv-bruce-M0oVPGsWk1E-unsplash.jpg"
"104",103,"body_parts","louis-hansel-FjKTMRTQYAs-unsplash.jpg","Stimuli/Experimental_stims/localizer/body_parts/louis-hansel-FjKTMRTQYAs-unsplash.jpg"
"105",104,"body_parts","louisa-potter-zd29nBmLuig-unsplash.jpg","Stimuli/Experimental_stims/localizer/body_parts/louisa-potter-zd29nBmLuig-unsplash.jpg"
"106",105,"body_parts","lucaxx-freire-CacZwMexYdk-unsplash.jpg","Stimuli/Experimental_stims/localizer/body_parts/lucaxx-freire-CacZwMexYdk-unsplash.jpg"
"107",106,"body_parts","luisa-denu-o5EU_lUB1rg-unsplash.jpg","Stimuli/Experimental_stims/localizer/body_parts/luisa-denu-o5EU_lUB1rg-unsplash.jpg"
"108",107,"body_parts","manki-kim-ZtwwncrD4A0-unsplash.jpg","Stimuli/Experimental_stims/localizer/body_parts/manki-kim-ZtwwncrD4A0-unsplash.jpg"
"109",108,"body_parts","marcel-fagin-OUYg0Q3ec-Y-unsplash.jpg","Stimuli/Experimental_stims/localizer/body_parts/marcel-fagin-OUYg0Q3ec-Y-unsplash.jpg"
"110",109,"body_parts","matheus-frade-eyzdb1C3JDM-unsplash.jpg","Stimuli/Experimental_stims/localizer/body_parts/matheus-frade-eyzdb1C3JDM-unsplash.jpg"
"111",110,"body_parts","matthew-wheeler-2_UxqsaDMmo-unsplash.jpg","Stimuli/Experimental_stims/localizer/body_parts/matthew-wheeler-2_UxqsaDMmo-unsplash.jpg"
"112",111,"body_parts","megan-menegay-UojxG_BJxnI-unsplash.jpg","Stimuli/Experimental_stims/localizer/body_parts/megan-menegay-UojxG_BJxnI-unsplash.jpg"
"113",112,"body_parts","meghan-thompson-U1b8OB0QpIo-unsplash.jpg","Stimuli/Experimental_stims/localizer/body_parts/meghan-thompson-U1b8OB0QpIo-unsplash.jpg"
"114",113,"body_parts","nadine-shaabana-ypyaaEf2ntM-unsplash.jpg","Stimuli/Experimental_stims/localizer/body_parts/nadine-shaabana-ypyaaEf2ntM-unsplash.jpg"
"115",114,"body_parts","natalie-grainger-8uB5kFKWWkk-unsplash.jpg","Stimuli/Experimental_stims/localizer/body_parts/natalie-grainger-8uB5kFKWWkk-unsplash.jpg"
"116",115,"body_parts","nattalia-nunez-MB9sdDfZMSg-unsplash.jpg","Stimuli/Experimental_stims/localizer/body_parts/nattalia-nunez-MB9sdDfZMSg-unsplash.jpg"
"117",116,"body_parts","nick-page-jAGdpOGvLAA-unsplash.jpg","Stimuli/Experimental_stims/localizer/body_parts/nick-page-jAGdpOGvLAA-unsplash.jpg"
"118",117,"body_parts","nick-page-WTNmgJtwzGI-unsplash.jpg","Stimuli/Experimental_stims/localizer/body_parts/nick-page-WTNmgJtwzGI-unsplash.jpg"
"119",118,"body_parts","nihal-karkala-LlOfbQD-IJ0-unsplash.jpg","Stimuli/Experimental_stims/localizer/body_parts/nihal-karkala-LlOfbQD-IJ0-unsplash.jpg"
"120",119,"body_parts","niu-niu-5HzOtV-FSlw-unsplash.jpg","Stimuli/Experimental_stims/localizer/body_parts/niu-niu-5HzOtV-FSlw-unsplash.jpg"
"121",120,"body_parts","priscilla-du-preez-e6fcNpur53A-unsplash.jpg","Stimuli/Experimental_stims/localizer/body_parts/priscilla-du-preez-e6fcNpur53A-unsplash.jpg"
"122",121,"body_parts","pure-julia-9lVaya31sMk-unsplash.jpg","Stimuli/Experimental_stims/localizer/body_parts/pure-julia-9lVaya31sMk-unsplash.jpg"
"123",122,"body_parts","pure-julia-E9Q4bqYHtIM-unsplash.jpg","Stimuli/Experimental_stims/localizer/body_parts/pure-julia-E9Q4bqYHtIM-unsplash.jpg"
"124",123,"body_parts","ramesh-iyer-CRhznMXoJlc-unsplash.jpg","Stimuli/Experimental_stims/localizer/body_parts/ramesh-iyer-CRhznMXoJlc-unsplash.jpg"
"125",124,"body_parts","sandra-seitamaa-YCc_YAAhY3I-unsplash.jpg","Stimuli/Experimental_stims/localizer/body_parts/sandra-seitamaa-YCc_YAAhY3I-unsplash.jpg"
"126",125,"body_parts","semen-zhuravlev-_XxH_mV8dnk-unsplash (1).jpg","Stimuli/Experimental_stims/localizer/body_parts/semen-zhuravlev-_XxH_mV8dnk-unsplash (1).jpg"
"127",126,"body_parts","sina-rezakhani-d1gQi0Jl05U-unsplash (1).jpg","Stimuli/Experimental_stims/localizer/body_parts/sina-rezakhani-d1gQi0Jl05U-unsplash (1).jpg"
"128",127,"body_parts","sincerely-media-3DZHTq_i7Qk-unsplash.jpg","Stimuli/Experimental_stims/localizer/body_parts/sincerely-media-3DZHTq_i7Qk-unsplash.jpg"
"129",128,"body_parts","sincerely-media-7TBFwUQA6Xk-unsplash.jpg","Stimuli/Experimental_stims/localizer/body_parts/sincerely-media-7TBFwUQA6Xk-unsplash.jpg"
"130",129,"body_parts","sincerely-media-9Zf6yh7RYbQ-unsplash.jpg","Stimuli/Experimental_stims/localizer/body_parts/sincerely-media-9Zf6yh7RYbQ-unsplash.jpg"
"131",130,"body_parts","sincerely-media-pdynOoM7xmA-unsplash.jpg","Stimuli/Experimental_stims/localizer/body_parts/sincerely-media-pdynOoM7xmA-unsplash.jpg"
"132",131,"body_parts","sincerely-media-Q7qRyaurQfo-unsplash.jpg","Stimuli/Experimental_stims/localizer/body_parts/sincerely-media-Q7qRyaurQfo-unsplash.jpg"
"133",132,"body_parts","sincerely-media-QyzlAZjm0r0-unsplash.jpg","Stimuli/Experimental_stims/localizer/body_parts/sincerely-media-QyzlAZjm0r0-unsplash.jpg"
"134",133,"body_parts","sippakorn-yamkasikorn-32_sJlJa5gA-unsplash.jpg","Stimuli/Experimental_stims/localizer/body_parts/sippakorn-yamkasikorn-32_sJlJa5gA-unsplash.jpg"
"135",134,"body_parts","sydney-herron-b2W04fGuS70-unsplash.jpg","Stimuli/Experimental_stims/localizer/body_parts/sydney-herron-b2W04fGuS70-unsplash.jpg"
"136",135,"body_parts","toa-heftiba-qxvWnfHb3-M-unsplash.jpg","Stimuli/Experimental_stims/localizer/body_parts/toa-heftiba-qxvWnfHb3-M-unsplash.jpg"
"137",136,"body_parts","toan-nguyen-VIeLuUFzesg-unsplash.jpg","Stimuli/Experimental_stims/localizer/body_parts/toan-nguyen-VIeLuUFzesg-unsplash.jpg"
"138",137,"body_parts","xavier-foucrier-dLZUNHsT8vo-unsplash.jpg","Stimuli/Experimental_stims/localizer/body_parts/xavier-foucrier-dLZUNHsT8vo-unsplash.jpg"
"139",138,"objects","adriano-pucciarelli-BE7yaZnZX6o-unsplash.jpg","Stimuli/Experimental_stims/localizer/objects/adriano-pucciarelli-BE7yaZnZX6o-unsplash.jpg"
"140",139,"objects","adriano-pucciarelli-Jl3S1yM8gi8-unsplash.jpg","Stimuli/Experimental_stims/localizer/objects/adriano-pucciarelli-Jl3S1yM8gi8-unsplash.jpg"
"141",140,"objects","ales-krivec-ZMZHcvIVgbg-unsplash.jpg","Stimuli/Experimental_stims/localizer/objects/ales-krivec-ZMZHcvIVgbg-unsplash.jpg"
"142",141,"objects","alex-lvrs-2zDw14yCYqk-unsplash.jpg","Stimuli/Experimental_stims/localizer/objects/alex-lvrs-2zDw14yCYqk-unsplash.jpg"
"143",142,"objects","ana-9GmAaEMMKho-unsplash.jpg","Stimuli/Experimental_stims/localizer/objects/ana-9GmAaEMMKho-unsplash.jpg"
"144",143,"objects","andrew-petrov-TVJqDat4MAw-unsplash.jpg","Stimuli/Experimental_stims/localizer/objects/andrew-petrov-TVJqDat4MAw-unsplash.jpg"
"145",144,"objects","annie-spratt-fbAnIjhrOL4-unsplash.jpg","Stimuli/Experimental_stims/localizer/objects/annie-spratt-fbAnIjhrOL4-unsplash.jpg"
"146",145,"objects","barrett-ward-0lMpQaXfOCg-unsplash.jpg","Stimuli/Experimental_stims/localizer/objects/barrett-ward-0lMpQaXfOCg-unsplash.jpg"
"147",146,"objects","carlos-felipe-ramirez-mesa-HW7bfB3ERSQ-unsplash.jpg","Stimuli/Experimental_stims/localizer/objects/carlos-felipe-ramirez-mesa-HW7bfB3ERSQ-unsplash.jpg"
"148",147,"objects","carlos-felipe-ramirez-mesa-x9g65MOXsPY-unsplash.jpg","Stimuli/Experimental_stims/localizer/objects/carlos-felipe-ramirez-mesa-x9g65MOXsPY-unsplash.jpg"
"149",148,"objects","charlesdeluvio-RDjZh9dqlP4-unsplash.jpg","Stimuli/Experimental_stims/localizer/objects/charlesdeluvio-RDjZh9dqlP4-unsplash.jpg"
"150",149,"objects","chris-briggs-FobzAZJGM9M-unsplash.jpg","Stimuli/Experimental_stims/localizer/objects/chris-briggs-FobzAZJGM9M-unsplash.jpg"
"151",150,"objects","chris-briggs-x9TCnxNBofE-unsplash.jpg","Stimuli/Experimental_stims/localizer/objects/chris-briggs-x9TCnxNBofE-unsplash.jpg"
"152",151,"objects","collab-media-eddtBBbaw0Y-unsplash.jpg","Stimuli/Experimental_stims/localizer/objects/collab-media-eddtBBbaw0Y-unsplash.jpg"
"153",152,"objects","dan-cristian-padure-ezoshbcxWrM-unsplash.jpg","Stimuli/Experimental_stims/localizer/objects/dan-cristian-padure-ezoshbcxWrM-unsplash.jpg"
"154",153,"objects","dario-mendez-hnJ2VNZzbns-unsplash.jpg","Stimuli/Experimental_stims/localizer/objects/dario-mendez-hnJ2VNZzbns-unsplash.jpg"
"155",154,"objects","dario-mendez-WmF_XLF4-Rs-unsplash.jpg","Stimuli/Experimental_stims/localizer/objects/dario-mendez-WmF_XLF4-Rs-unsplash.jpg"
"156",155,"objects","designecologist-hvgd0ygXuQQ-unsplash.jpg","Stimuli/Experimental_stims/localizer/objects/designecologist-hvgd0ygXuQQ-unsplash.jpg"
"157",156,"objects","engin-akyurt-bbbKzTmY2Gg-unsplash.jpg","Stimuli/Experimental_stims/localizer/objects/engin-akyurt-bbbKzTmY2Gg-unsplash.jpg"
"158",157,"objects","eugene-chystiakov-3neSwyntbQ8-unsplash.jpg","Stimuli/Experimental_stims/localizer/objects/eugene-chystiakov-3neSwyntbQ8-unsplash.jpg"
"159",158,"objects","florian-klauer-mk7D-4UCfmg-unsplash.jpg","Stimuli/Experimental_stims/localizer/objects/florian-klauer-mk7D-4UCfmg-unsplash.jpg"
"160",159,"objects","florian-klauer-nptLmg6jqDo-unsplash.jpg","Stimuli/Experimental_stims/localizer/objects/florian-klauer-nptLmg6jqDo-unsplash.jpg"
"161",160,"objects","girl-with-red-hat-oJG9HOVKGMs-unsplash.jpg","Stimuli/Experimental_stims/localizer/objects/girl-with-red-hat-oJG9HOVKGMs-unsplash.jpg"
"162",161,"objects","girl-with-red-hat-Xxg-r574pLE-unsplash.jpg","Stimuli/Experimental_stims/localizer/objects/girl-with-red-hat-Xxg-r574pLE-unsplash.jpg"
"163",162,"objects","hipster-mum-XookgCxFw6Q-unsplash.jpg","Stimuli/Experimental_stims/localizer/objects/hipster-mum-XookgCxFw6Q-unsplash.jpg"
"164",163,"objects","ian-talmacs-ugqU0a4P18U-unsplash.jpg","Stimuli/Experimental_stims/localizer/objects/ian-talmacs-ugqU0a4P18U-unsplash.jpg"
"165",164,"objects","ignat-dolomanov-kFBDVnmskPA-unsplash.jpg","Stimuli/Experimental_stims/localizer/objects/ignat-dolomanov-kFBDVnmskPA-unsplash.jpg"
"166",165,"objects","jiangxulei1990-eIzzzwtkBjU-unsplash.jpg","Stimuli/Experimental_stims/localizer/objects/jiangxulei1990-eIzzzwtkBjU-unsplash.jpg"
"167",166,"objects","jonny-caspari-wsvCC6UyKjs-unsplash.jpg","Stimuli/Experimental_stims/localizer/objects/jonny-caspari-wsvCC6UyKjs-unsplash.jpg"
"168",167,"objects","kelly-jean-cKjbI0Y00X0-unsplash.jpg","Stimuli/Experimental_stims/localizer/objects/kelly-jean-cKjbI0Y00X0-unsplash.jpg"
"169",168,"objects","lance-reis-v0FYj9iioQg-unsplash.jpg","Stimuli/Experimental_stims/localizer/objects/lance-reis-v0FYj9iioQg-unsplash.jpg"
"170",169,"objects","mae-mu-yl2d0CKW130-unsplash.jpg","Stimuli/Experimental_stims/localizer/objects/mae-mu-yl2d0CKW130-unsplash.jpg"
"171",170,"objects","maria-lupan-Rlakka_pZMU-unsplash.jpg","Stimuli/Experimental_stims/localizer/objects/maria-lupan-Rlakka_pZMU-unsplash.jpg"
"172",171,"objects","markus-spiske-ANrVtttbNss-unsplash.jpg","Stimuli/Experimental_stims/localizer/objects/markus-spiske-ANrVtttbNss-unsplash.jpg"
"173",172,"objects","miti-MZPdB1DU4a4-unsplash.jpg","Stimuli/Experimental_stims/localizer/objects/miti-MZPdB1DU4a4-unsplash.jpg"
"174",173,"objects","mockup-graphics-aUkYaG12Dgs-unsplash.jpg","Stimuli/Experimental_stims/localizer/objects/mockup-graphics-aUkYaG12Dgs-unsplash.jpg"
"175",174,"objects","mockup-graphics-Pj2PY-E-LfM-unsplash.jpg","Stimuli/Experimental_stims/localizer/objects/mockup-graphics-Pj2PY-E-LfM-unsplash.jpg"
"176",175,"objects","mockup-graphics-U6ZMEefFGx8-unsplash.jpg","Stimuli/Experimental_stims/localizer/objects/mockup-graphics-U6ZMEefFGx8-unsplash.jpg"
"177",176,"objects","mockup-graphics-v_a3DWpOFc0-unsplash.jpg","Stimuli/Experimental_stims/localizer/objects/mockup-graphics-v_a3DWpOFc0-unsplash.jpg"
"178",177,"objects","muhammad-toqeer-NRJ9ipvz2iE-unsplash.jpg","Stimuli/Experimental_stims/localizer/objects/muhammad-toqeer-NRJ9ipvz2iE-unsplash.jpg"
"179",178,"objects","mulyadi-tWp0VSlSdMI-unsplash.jpg","Stimuli/Experimental_stims/localizer/objects/mulyadi-tWp0VSlSdMI-unsplash.jpg"
"180",179,"objects","namroud-gorguis-FZWivbri0Xk-unsplash.jpg","Stimuli/Experimental_stims/localizer/objects/namroud-gorguis-FZWivbri0Xk-unsplash.jpg"
"181",180,"objects","nicolas-hippert-kfr_eSrR08M-unsplash.jpg","Stimuli/Experimental_stims/localizer/objects/nicolas-hippert-kfr_eSrR08M-unsplash.jpg"
"182",181,"objects","nicolas-hippert-SVgX47QIUlc-unsplash.jpg","Stimuli/Experimental_stims/localizer/objects/nicolas-hippert-SVgX47QIUlc-unsplash.jpg"
"183",182,"objects","nordwood-themes-E9tFH39iRPE-unsplash.jpg","Stimuli/Experimental_stims/localizer/objects/nordwood-themes-E9tFH39iRPE-unsplash.jpg"
"184",183,"objects","nordwood-themes-nDd3dIkkOLo-unsplash.jpg","Stimuli/Experimental_stims/localizer/objects/nordwood-themes-nDd3dIkkOLo-unsplash.jpg"
"185",184,"objects","oriento-maVIpNNtmlQ-unsplash.jpg","Stimuli/Experimental_stims/localizer/objects/oriento-maVIpNNtmlQ-unsplash.jpg"
"186",185,"objects","petr-sidorov-3jm5TGqtULU-unsplash.jpg","Stimuli/Experimental_stims/localizer/objects/petr-sidorov-3jm5TGqtULU-unsplash.jpg"
"187",186,"objects","quaritsch-photography-lZ8onQ1wuY8-unsplash.jpg","Stimuli/Experimental_stims/localizer/objects/quaritsch-photography-lZ8onQ1wuY8-unsplash.jpg"
"188",187,"objects","quino-al-4SNUcHPiC8c-unsplash.jpg","Stimuli/Experimental_stims/localizer/objects/quino-al-4SNUcHPiC8c-unsplash.jpg"
"189",188,"objects","quino-al-8gWEAAXJjtI-unsplash.jpg","Stimuli/Experimental_stims/localizer/objects/quino-al-8gWEAAXJjtI-unsplash.jpg"
"190",189,"objects","raimond-klavins-ZdvDPXVvcKs-unsplash.jpg","Stimuli/Experimental_stims/localizer/objects/raimond-klavins-ZdvDPXVvcKs-unsplash.jpg"
"191",190,"objects","recha-oktaviani-t__61ap00Mc-unsplash.jpg","Stimuli/Experimental_stims/localizer/objects/recha-oktaviani-t__61ap00Mc-unsplash.jpg"
"192",191,"objects","ryunosuke-kikuno-viEzuL1ouDs-unsplash.jpg","Stimuli/Experimental_stims/localizer/objects/ryunosuke-kikuno-viEzuL1ouDs-unsplash.jpg"
"193",192,"objects","saif71-com-VIKdvmGUhq8-unsplash.jpg","Stimuli/Experimental_stims/localizer/objects/saif71-com-VIKdvmGUhq8-unsplash.jpg"
"194",193,"objects","sam-moghadam-khamseh-kvmdsTrGOBM-unsplash.jpg","Stimuli/Experimental_stims/localizer/objects/sam-moghadam-khamseh-kvmdsTrGOBM-unsplash.jpg"
"195",194,"objects","sam-moghadam-khamseh-L_7MQsHl_aU-unsplash.jpg","Stimuli/Experimental_stims/localizer/objects/sam-moghadam-khamseh-L_7MQsHl_aU-unsplash.jpg"
"196",195,"objects","sam-moghadam-khamseh-xej3GOtAQ-o-unsplash.jpg","Stimuli/Experimental_stims/localizer/objects/sam-moghadam-khamseh-xej3GOtAQ-o-unsplash.jpg"
"197",196,"objects","yoann-siloine-_T4w3JDm6ug-unsplash.jpg","Stimuli/Experimental_stims/localizer/objects/yoann-siloine-_T4w3JDm6ug-unsplash.jpg"
"198",197,"objects","yossy-made-yulian-WaEqwDSIeTY-unsplash.jpg","Stimuli/Experimental_stims/localizer/objects/yossy-made-yulian-WaEqwDSIeTY-unsplash.jpg"
"199",198,"outdoor_scenes","adam-kool-ndN00KmbJ1c-unsplash.jpg","Stimuli/Experimental_stims/localizer/outdoor_scenes/adam-kool-ndN00KmbJ1c-unsplash.jpg"
"200",199,"outdoor_scenes","ales-krivec-hsX9KpLLsIE-unsplash.jpg","Stimuli/Experimental_stims/localizer/outdoor_scenes/ales-krivec-hsX9KpLLsIE-unsplash.jpg"
"201",200,"outdoor_scenes","alessio-furlan-Vw3a0HgE7AM-unsplash.jpg","Stimuli/Experimental_stims/localizer/outdoor_scenes/alessio-furlan-Vw3a0HgE7AM-unsplash.jpg"
"202",201,"outdoor_scenes","alice-donovan-rouse-pZ61ZA8QgcY-unsplash.jpg","Stimuli/Experimental_stims/localizer/outdoor_scenes/alice-donovan-rouse-pZ61ZA8QgcY-unsplash.jpg"
"203",202,"outdoor_scenes","andres-sanz-uILhNE1VcwA-unsplash.jpg","Stimuli/Experimental_stims/localizer/outdoor_scenes/andres-sanz-uILhNE1VcwA-unsplash.jpg"
"204",203,"outdoor_scenes","antoine-beauvillain-qrPqGP-SG8w-unsplash.jpg","Stimuli/Experimental_stims/localizer/outdoor_scenes/antoine-beauvillain-qrPqGP-SG8w-unsplash.jpg"
"205",204,"outdoor_scenes","benjamin-davies-Zm2n2O7Fph4-unsplash.jpg","Stimuli/Experimental_stims/localizer/outdoor_scenes/benjamin-davies-Zm2n2O7Fph4-unsplash.jpg"
"206",205,"outdoor_scenes","bruno-van-der-kraan-qez8mNJ3ilU-unsplash.jpg","Stimuli/Experimental_stims/localizer/outdoor_scenes/bruno-van-der-kraan-qez8mNJ3ilU-unsplash.jpg"
"207",206,"outdoor_scenes","cayetano-gil-rguHxZmOF5U-unsplash.jpg","Stimuli/Experimental_stims/localizer/outdoor_scenes/cayetano-gil-rguHxZmOF5U-unsplash.jpg"
"208",207,"outdoor_scenes","chang-qing-2YQoKbyGvDc-unsplash.jpg","Stimuli/Experimental_stims/localizer/outdoor_scenes/chang-qing-2YQoKbyGvDc-unsplash.jpg"
"209",208,"outdoor_scenes","chris-holgersson-zshyCr6HGw0-unsplash.jpg","Stimuli/Experimental_stims/localizer/outdoor_scenes/chris-holgersson-zshyCr6HGw0-unsplash.jpg"
"210",209,"outdoor_scenes","cosmic-timetraveler-pYyOZ8q7AII-unsplash.jpg","Stimuli/Experimental_stims/localizer/outdoor_scenes/cosmic-timetraveler-pYyOZ8q7AII-unsplash.jpg"
"211",210,"outdoor_scenes","damian-denis-D8R_txR_0PE-unsplash.jpg","Stimuli/Experimental_stims/localizer/outdoor_scenes/damian-denis-D8R_txR_0PE-unsplash.jpg"
"212",211,"outdoor_scenes","damian-patkowski-T-LfvX-7IVg-unsplash.jpg","Stimuli/Experimental_stims/localizer/outdoor_scenes/damian-patkowski-T-LfvX-7IVg-unsplash.jpg"
"213",212,"outdoor_scenes","daniel-roe-lpjb_UMOyx8-unsplash.jpg","Stimuli/Experimental_stims/localizer/outdoor_scenes/daniel-roe-lpjb_UMOyx8-unsplash.jpg"
"214",213,"outdoor_scenes","darrell-cassell-hoCXpPUMCoE-unsplash.jpg","Stimuli/Experimental_stims/localizer/outdoor_scenes/darrell-cassell-hoCXpPUMCoE-unsplash.jpg"
"215",214,"outdoor_scenes","dave-hoefler-lsoogGC_5dg-unsplash.jpg","Stimuli/Experimental_stims/localizer/outdoor_scenes/dave-hoefler-lsoogGC_5dg-unsplash.jpg"
"216",215,"outdoor_scenes","dawid-zawila--G3rw6Y02D0-unsplash.jpg","Stimuli/Experimental_stims/localizer/outdoor_scenes/dawid-zawila--G3rw6Y02D0-unsplash.jpg"
"217",216,"outdoor_scenes","derek-mack-CcRZ4k3c6gA-unsplash.jpg","Stimuli/Experimental_stims/localizer/outdoor_scenes/derek-mack-CcRZ4k3c6gA-unsplash.jpg"
"218",217,"outdoor_scenes","eberhard-grossgasteiger-y2azHvupCVo-unsplash.jpg","Stimuli/Experimental_stims/localizer/outdoor_scenes/eberhard-grossgasteiger-y2azHvupCVo-unsplash.jpg"
"219",218,"outdoor_scenes","erol-ahmed-d3pTF3r_hwY-unsplash.jpg","Stimuli/Experimental_stims/localizer/outdoor_scenes/erol-ahmed-d3pTF3r_hwY-unsplash.jpg"
"220",219,"outdoor_scenes","fabian-quintero-UWQP2mh5YJI-unsplash.jpg","Stimuli/Experimental_stims/localizer/outdoor_scenes/fabian-quintero-UWQP2mh5YJI-unsplash.jpg"
"221",220,"outdoor_scenes","federico-beccari-kRnkqSKZODQ-unsplash.jpg","Stimuli/Experimental_stims/localizer/outdoor_scenes/federico-beccari-kRnkqSKZODQ-unsplash.jpg"
"222",221,"outdoor_scenes","gabriel-garcia-marengo-ht9aLtovtSo-unsplash.jpg","Stimuli/Experimental_stims/localizer/outdoor_scenes/gabriel-garcia-marengo-ht9aLtovtSo-unsplash.jpg"
"223",222,"outdoor_scenes","hendrik-cornelissen--qrcOR33ErA-unsplash.jpg","Stimuli/Experimental_stims/localizer/outdoor_scenes/hendrik-cornelissen--qrcOR33ErA-unsplash.jpg"
"224",223,"outdoor_scenes","jaanus-jagomagi-FddgewYQF2M-unsplash.jpg","Stimuli/Experimental_stims/localizer/outdoor_scenes/jaanus-jagomagi-FddgewYQF2M-unsplash.jpg"
"225",224,"outdoor_scenes","jack-millard-zjyP-UYI-ko-unsplash.jpg","Stimuli/Experimental_stims/localizer/outdoor_scenes/jack-millard-zjyP-UYI-ko-unsplash.jpg"
"226",225,"outdoor_scenes","jay-cai-F_laX9E8CUo-unsplash.jpg","Stimuli/Experimental_stims/localizer/outdoor_scenes/jay-cai-F_laX9E8CUo-unsplash.jpg"
"227",226,"outdoor_scenes","jeremy-cai-ucYWe5mzTMU-unsplash.jpg","Stimuli/Experimental_stims/localizer/outdoor_scenes/jeremy-cai-ucYWe5mzTMU-unsplash.jpg"
"228",227,"outdoor_scenes","john-fowler-aaIN3y2zcMQ-unsplash.jpg","Stimuli/Experimental_stims/localizer/outdoor_scenes/john-fowler-aaIN3y2zcMQ-unsplash.jpg"
"229",228,"outdoor_scenes","john-lee-oMneOBYhJxY-unsplash.jpg","Stimuli/Experimental_stims/localizer/outdoor_scenes/john-lee-oMneOBYhJxY-unsplash.jpg"
"230",229,"outdoor_scenes","john-mark-arnold-XNIjmb6Ax04-unsplash.jpg","Stimuli/Experimental_stims/localizer/outdoor_scenes/john-mark-arnold-XNIjmb6Ax04-unsplash.jpg"
"231",230,"outdoor_scenes","johny-goerend-U_diPCXCBxU-unsplash.jpg","Stimuli/Experimental_stims/localizer/outdoor_scenes/johny-goerend-U_diPCXCBxU-unsplash.jpg"
"232",231,"outdoor_scenes","jordan-heath-4z_SYrG5mgA-unsplash.jpg","Stimuli/Experimental_stims/localizer/outdoor_scenes/jordan-heath-4z_SYrG5mgA-unsplash.jpg"
"233",232,"outdoor_scenes","julien-lavallee-X2DE1VmN7x4-unsplash.jpg","Stimuli/Experimental_stims/localizer/outdoor_scenes/julien-lavallee-X2DE1VmN7x4-unsplash.jpg"
"234",233,"outdoor_scenes","kace-rodriguez-p3OzJuT_Dks-unsplash.jpg","Stimuli/Experimental_stims/localizer/outdoor_scenes/kace-rodriguez-p3OzJuT_Dks-unsplash.jpg"
"235",234,"outdoor_scenes","kalen-emsley-_LuLiJc1cdo-unsplash.jpg","Stimuli/Experimental_stims/localizer/outdoor_scenes/kalen-emsley-_LuLiJc1cdo-unsplash.jpg"
"236",235,"outdoor_scenes","kalen-emsley-Bkci_8qcdvQ-unsplash.jpg","Stimuli/Experimental_stims/localizer/outdoor_scenes/kalen-emsley-Bkci_8qcdvQ-unsplash.jpg"
"237",236,"outdoor_scenes","keith-hardy-PP8Escz15d8-unsplash.jpg","Stimuli/Experimental_stims/localizer/outdoor_scenes/keith-hardy-PP8Escz15d8-unsplash.jpg"
"238",237,"outdoor_scenes","keith-hardy-UVyavSwslOg-unsplash.jpg","Stimuli/Experimental_stims/localizer/outdoor_scenes/keith-hardy-UVyavSwslOg-unsplash.jpg"
"239",238,"outdoor_scenes","ken-cheung-KonWFWUaAuk-unsplash.jpg","Stimuli/Experimental_stims/localizer/outdoor_scenes/ken-cheung-KonWFWUaAuk-unsplash.jpg"
"240",239,"outdoor_scenes","kenneth-thewissen-D76DklsG-5U-unsplash.jpg","Stimuli/Experimental_stims/localizer/outdoor_scenes/kenneth-thewissen-D76DklsG-5U-unsplash.jpg"
"241",240,"outdoor_scenes","luca-bravo-VowIFDxogG4-unsplash.jpg","Stimuli/Experimental_stims/localizer/outdoor_scenes/luca-bravo-VowIFDxogG4-unsplash.jpg"
"242",241,"outdoor_scenes","luca-micheli-ruWkmt3nU58-unsplash.jpg","Stimuli/Experimental_stims/localizer/outdoor_scenes/luca-micheli-ruWkmt3nU58-unsplash.jpg"
"243",242,"outdoor_scenes","marcelo-quinan-u0ZgqJD55pE-unsplash.jpg","Stimuli/Experimental_stims/localizer/outdoor_scenes/marcelo-quinan-u0ZgqJD55pE-unsplash.jpg"
"244",243,"outdoor_scenes","mark-harpur-K2s_YE031CA-unsplash.jpg","Stimuli/Experimental_stims/localizer/outdoor_scenes/mark-harpur-K2s_YE031CA-unsplash.jpg"
"245",244,"outdoor_scenes","michael-martinelli-mFbrMEVKCkc-unsplash.jpg","Stimuli/Experimental_stims/localizer/outdoor_scenes/michael-martinelli-mFbrMEVKCkc-unsplash.jpg"
"246",245,"outdoor_scenes","neom-THlO6Mkf5uI-unsplash.jpg","Stimuli/Experimental_stims/localizer/outdoor_scenes/neom-THlO6Mkf5uI-unsplash.jpg"
"247",246,"outdoor_scenes","nicolas-jehly-LzVB84KkZOE-unsplash.jpg","Stimuli/Experimental_stims/localizer/outdoor_scenes/nicolas-jehly-LzVB84KkZOE-unsplash.jpg"
"248",247,"outdoor_scenes","niko-photos-tGTVxeOr_Rs-unsplash.jpg","Stimuli/Experimental_stims/localizer/outdoor_scenes/niko-photos-tGTVxeOr_Rs-unsplash.jpg"
"249",248,"outdoor_scenes","nikola-majksner-hXNGeAFOgT4-unsplash.jpg","Stimuli/Experimental_stims/localizer/outdoor_scenes/nikola-majksner-hXNGeAFOgT4-unsplash.jpg"
"250",249,"outdoor_scenes","pascal-debrunner-1WQ5RZuH9xo-unsplash.jpg","Stimuli/Experimental_stims/localizer/outdoor_scenes/pascal-debrunner-1WQ5RZuH9xo-unsplash.jpg"
"251",250,"outdoor_scenes","pietro-de-grandi-T7K4aEPoGGk-unsplash.jpg","Stimuli/Experimental_stims/localizer/outdoor_scenes/pietro-de-grandi-T7K4aEPoGGk-unsplash.jpg"
"252",251,"outdoor_scenes","quentin-zwzeorQPepo-unsplash.jpg","Stimuli/Experimental_stims/localizer/outdoor_scenes/quentin-zwzeorQPepo-unsplash.jpg"
"253",252,"outdoor_scenes","quino-al-mBQIfKlvowM-unsplash.jpg","Stimuli/Experimental_stims/localizer/outdoor_scenes/quino-al-mBQIfKlvowM-unsplash.jpg"
"254",253,"outdoor_scenes","quino-al-vmZ2DehWQ3Q-unsplash.jpg","Stimuli/Experimental_stims/localizer/outdoor_scenes/quino-al-vmZ2DehWQ3Q-unsplash.jpg"
"255",254,"outdoor_scenes","redd-f-Lm5rkxzgiFQ-unsplash.jpg","Stimuli/Experimental_stims/localizer/outdoor_scenes/redd-f-Lm5rkxzgiFQ-unsplash.jpg"
"256",255,"outdoor_scenes","ricardo-gomez-angel-dTSaC-S-7fs-unsplash.jpg","Stimuli/Experimental_stims/localizer/outdoor_scenes/ricardo-gomez-angel-dTSaC-S-7fs-unsplash.jpg"
"257",256,"outdoor_scenes","rod-sot-X_vbB7wfv5k-unsplash.jpg","Stimuli/Experimental_stims/localizer/outdoor_scenes/rod-sot-X_vbB7wfv5k-unsplash.jpg"
"258",257,"outdoor_scenes","ryan-schroeder-Gg7uKdHFb_c-unsplash.jpg","Stimuli/Experimental_stims/localizer/outdoor_scenes/ryan-schroeder-Gg7uKdHFb_c-unsplash.jpg"
"259",258,"outdoor_scenes","sabeer-darr-Upz-tnx2v2s-unsplash.jpg","Stimuli/Experimental_stims/localizer/outdoor_scenes/sabeer-darr-Upz-tnx2v2s-unsplash.jpg"
"260",259,"outdoor_scenes","samsommer-vddccTqwal8-unsplash.jpg","Stimuli/Experimental_stims/localizer/outdoor_scenes/samsommer-vddccTqwal8-unsplash.jpg"
"261",260,"outdoor_scenes","samuel-ferrara-IEHPDNk2-8w-unsplash.jpg","Stimuli/Experimental_stims/localizer/outdoor_scenes/samuel-ferrara-IEHPDNk2-8w-unsplash.jpg"
"262",261,"outdoor_scenes","sean-oulashin-KMn4VEeEPR8-unsplash.jpg","Stimuli/Experimental_stims/localizer/outdoor_scenes/sean-oulashin-KMn4VEeEPR8-unsplash.jpg"
"263",262,"outdoor_scenes","sebastian-unrau-v4e3JI7DDHI-unsplash.jpg","Stimuli/Experimental_stims/localizer/outdoor_scenes/sebastian-unrau-v4e3JI7DDHI-unsplash.jpg"
"264",263,"outdoor_scenes","simon-berger-twukN12EN7c-unsplash.jpg","Stimuli/Experimental_stims/localizer/outdoor_scenes/simon-berger-twukN12EN7c-unsplash.jpg"
"265",264,"outdoor_scenes","simon-berger-UqCnDyc_3vA-unsplash.jpg","Stimuli/Experimental_stims/localizer/outdoor_scenes/simon-berger-UqCnDyc_3vA-unsplash.jpg"
"266",265,"outdoor_scenes","solotravelgoals-7kLufxYoqWk-unsplash.jpg","Stimuli/Experimental_stims/localizer/outdoor_scenes/solotravelgoals-7kLufxYoqWk-unsplash.jpg"
"267",266,"outdoor_scenes","tim-swaan-eOpewngf68w-unsplash (1).jpg","Stimuli/Experimental_stims/localizer/outdoor_scenes/tim-swaan-eOpewngf68w-unsplash (1).jpg"
"268",267,"outdoor_scenes","tomasz-filipek-CUWC-6MRcNg-unsplash.jpg","Stimuli/Experimental_stims/localizer/outdoor_scenes/tomasz-filipek-CUWC-6MRcNg-unsplash.jpg"
"269",268,"outdoor_scenes","v2osk-1Z2niiBPg5A-unsplash.jpg","Stimuli/Experimental_stims/localizer/outdoor_scenes/v2osk-1Z2niiBPg5A-unsplash.jpg"
"270",269,"outdoor_scenes","wai-siew-mTFyV8oNDzU-unsplash.jpg","Stimuli/Experimental_stims/localizer/outdoor_scenes/wai-siew-mTFyV8oNDzU-unsplash.jpg"
"271",270,"outdoor_scenes","wil-stewart-pHANr-CpbYM-unsplash.jpg","Stimuli/Experimental_stims/localizer/outdoor_scenes/wil-stewart-pHANr-CpbYM-unsplash.jpg"
"272",271,"outdoor_scenes","willian-justen-de-vasconcellos-T_Qe4QlMIvQ-unsplash.jpg","Stimuli/Experimental_stims/localizer/outdoor_scenes/willian-justen-de-vasconcellos-T_Qe4QlMIvQ-unsplash.jpg"
